ID,staffName,staffContact,username,userPassword,staffType
1,Sybill Graham,(01593) 12579,Emery.Rodriquez,MZM43CAV1RT,7732
2,Zane Lambert,(01499) 42382,Fleur.Barlow,QNW99HJJ0ZZ,9160
3,Heather Johnson,0800 1111,Maxwell.Blair,TFU05UXF7AR,7414
4,Georgia Wooten,(0117) 811 8179,Kameko.Sweeney,BCG35MDR5ZD,8927
5,Trevor Kemp,0800 094120,Ruth.Fulton,AYP80QLV5LZ,1469
6,Erasmus Sykes,070 0728 0949,Moses.Bean,CVT71KKZ8GU,7421
7,Phillip Medina,056 8436 8210,Ross.Morse,COZ99UBT9BQ,8225
8,Alec Terrell,(016977) 2141,Maile.Mcfadden,AQR76ITP2ZF,7434
9,Ulric Jenkins,(016977) 9786,Kirsten.Kemp,LPU23KKO2LU,7869
10,Malcolm Golden,070 7035 2056,Alexandra.Moran,SVI52JBF9ZV,6063
11,Barry Hendrix,(016977) 6802,Patricia.Frye,NJF45QMJ9AJ,1264
12,Jack Goodwin,070 2946 6483,Mariam.Pacheco,HKU61HRT6ZD,8438
13,Phelan Weeks,0800 611059,Hedda.Stevens,FUS90VSM4JH,1958
14,Ann Lindsey,0845 46 45,Leilani.Lane,IFS32KBQ7EJ,1560
15,Felix Harmon,0396 312 0552,Avye.Sanchez,CDL33DWS4LJ,1217
16,Knox Clark,0300 010 9540,Bethany.Sheppard,XTC86XMQ5DD,7703
17,Xena Miranda,0314 250 6657,Daryl.Reynolds,FIM45QSH3KM,4534
18,Indigo Cross,(01740) 34351,Henry.Santos,TAB26WUA0WE,1120
19,Rajah Cherry,07624 266665,Martina.Stokes,LIB81XYI0PV,6002
20,Megan William,07476 325458,Mari.Branch,GXV96UWM2JV,6282
21,Jessica Holden,(0116) 957 5922,Vernon.Rhodes,QDC86ISL3QP,8471
22,Hedwig Hatfield,07624 678593,Hasad.Cannon,SPU68JPU4FD,5162
23,Lucian Fletcher,07624 674430,Wesley.Orr,NIZ61ORY2JS,1697
24,Alexa Monroe,(0151) 538 0475,Desiree.Molina,SHZ50AVN6TX,9236
25,Josephine Tate,070 7297 7117,Joy.Bradshaw,NOA41PZB8BJ,7752
26,Olympia Kennedy,(01186) 233311,Isabella.Chambers,IVG80MKW9YV,8492
27,Amir Rasmussen,0800 092733,Fay.Lawrence,VIO53UUL2XP,4313
28,Melanie Galloway,070 4804 4461,Lev.Hardin,HAD73FVM0IY,4215
29,Cain Robbins,0800 835 3613,Bruno.Golden,NIW23BXK0EC,5832
30,Caesar Cunningham,0877 896 6476,Lee.Merrill,PIN71JAR1GN,3365
31,Medge Rivera,0321 430 3665,Ruth.Dunlap,SIG15ZDI6YR,9634
32,Camden Shelton,0845 46 49,Eden.Cantrell,YAL69JRU5LN,8751
33,Murphy Garner,(024) 6657 6435,Gannon.Burgess,NHB37ZOY7SV,2835
34,Hedwig Rios,(01455) 753133,Miriam.Dale,BEO79MMH6KG,8025
35,Andrew Kennedy,0800 034 4515,Barry.Oneill,AOL65KFX3GL,7978
36,Inez Lang,07942 082751,Jena.Wilcox,FWK88LOV7EJ,3465
37,Phelan Ellis,0800 1111,Aiko.Tillman,HOE73HAH0GO,7605
38,Gray Hawkins,0800 1111,Eugenia.Cotton,RLE24TAC0TD,4657
39,Porter Beasley,0992 310 5782,Jameson.Pruitt,OVN12XQH0GM,7049
40,Lamar Huffman,07026 497133,Ainsley.Stanton,VPN85YTQ5DB,4690
41,Illiana Johnston,(01486) 038751,Mari.Blake,QPU20ZTG1DG,3973
42,Nerea Green,0800 1111,Burton.Robles,JQI80OAU2IZ,8289
43,Quinlan Long,0800 744057,Jerome.Simpson,NIF05HOM5BW,8440
44,Nathaniel Lewis,(01848) 573322,Quail.Saunders,MCR23JXL3BE,8988
45,Jocelyn Walsh,0800 705250,Nerea.Wallace,XIH27RWE9XC,7173
46,Jade Klein,0845 46 41,Shellie.Fuentes,UEA45BZU0HM,1971
47,Constance Hutchinson,(023) 7314 5791,Micah.Conrad,HRG11OCT2KO,6861
48,Ray Waller,070 2357 0244,Emmanuel.Reynolds,SYU90QTW2PH,3048
49,Chanda Valentine,07924 395386,Danielle.Sullivan,VZI80MWL2SA,4235
50,Luke Reese,056 5831 3220,Charde.Oliver,QVK07VZM4JD,8483
51,Wilma Galloway,0500 202616,Lawrence.Meyer,IXE99NHU3XF,5815
52,Amos Walsh,0973 141 8981,Justina.Richmond,BEJ51JEN9ME,7817
53,Colette Finch,076 8649 3962,Bree.Todd,DQY11FJW5QD,6733
54,Honorato Richards,(0151) 817 8996,Oren.Rhodes,NNQ55TWI5SN,6655
55,Belle Leonard,076 1226 9023,Charlotte.Green,BED74HAX0PI,4969
56,Moses Hahn,056 9243 4691,Abra.Torres,JZL00BIY3DC,8589
57,Wendy Ingram,0800 1111,Selma.Whitney,SHL67CHX7PU,6135
58,Cameron Delacruz,(0171) 363 5370,Brittany.Hyde,QCZ05KXN6JT,5783
59,Aubrey Salas,056 4463 9353,Carol.Bolton,VIC15YLA7LD,2935
60,Chiquita Simon,(01376) 99636,Liberty.Morrison,AEJ23QQS3YG,5622
61,Kylynn Mcconnell,0500 928264,Vanna.Snow,QSS37YCA3GB,5387
62,Ashton Pickett,076 9092 3296,Donovan.Marsh,HSU05EFR3PD,5373
63,Vera Pearson,056 4389 2763,Wyatt.Spears,QXS25GQV5UK,6990
64,Denise Wilder,0816 545 7624,Francis.Campos,NGQ55ZBV8BH,1867
65,Grant Alvarez,(0101) 945 8678,Frances.Henry,GME16OQJ5RU,6596
66,Ashely Sexton,0500 640225,Gail.Graves,OKR18YMS6RT,9621
67,Walter Mckinney,(01426) 982281,Hakeem.Fisher,SFG19BAZ9XJ,1873
68,Nayda Myers,056 5479 9639,Molly.Mckenzie,VAV92ZIZ4BG,1384
69,Colton Meyers,0356 512 3259,Rigel.Whitehead,BIA82NQH1KN,6599
70,Summer Morrow,0500 134338,Summer.Zamora,QTR14YAA7WL,7322
71,Hanae Best,(0114) 441 1262,Brynne.Donovan,DRO89DDT4FN,4557
72,Suki Tyler,(018966) 43132,Chava.Aguirre,OIF66TWD9SE,1433
73,Dexter Monroe,0300 861 2271,Odessa.Blankenship,OBQ44GYX2UC,1368
74,Faith Stark,076 2992 7505,Catherine.Chase,LNA80QEC8QD,9230
75,Naida Phillips,0965 364 5992,Iliana.Marquez,VGE10DDF7UQ,3393
76,Elizabeth Wooten,(0121) 993 3274,Cade.Morris,TZL77HRJ9AV,5146
77,Illana Moreno,(016977) 6872,Sophia.Bush,OWM04RLP4UK,3982
78,George Booker,0875 811 1375,Aileen.Alvarado,JDX60QZA5TY,8447
79,Wynne Britt,0367 455 3643,Eve.Madden,ZSV63CIB4XF,8508
80,Jennifer Savage,0817 837 2207,Imelda.Le,XDM17ULQ5RY,8006
81,Carter Dorsey,0967 996 8991,Keaton.Noble,SLE77ECV5CD,9405
82,Timothy Klein,(025) 7915 0461,Adele.Travis,JWO65OGG4WG,5548
83,Adria Mcconnell,0800 1111,Yvette.Conrad,VYN65YIQ5GQ,2632
84,Lester Frank,0800 339 7100,Forrest.Diaz,JWJ10DLQ7WK,6091
85,Addison Anthony,076 3740 8285,Delilah.Phelps,RED26HGO6MQ,8841
86,Allistair Guy,056 5822 9468,Imogene.Graves,XEJ17JGH0IP,2454
87,Bert English,055 8183 3973,Judith.Moore,ZTE86XUO4PD,7191
88,Marah Howell,(0121) 944 5936,Desirae.Burns,IEF65JHM9SU,6490
89,Jemima Park,(0115) 527 0399,Macaulay.Ayers,BQS80UDP7DB,2031
90,MacKenzie Oneil,(023) 4731 8010,Zelda.Livingston,KJS88TTW8AF,6295
91,Erich Coffey,(0151) 589 5416,Bernard.Pollard,BHG11FQP4PX,6598
92,Carla Hahn,07624 660434,Knox.Rojas,PCS87NGR4RN,6770
93,Barbara Avery,(0117) 425 0791,Fay.Knapp,GSZ88RGQ4JQ,9224
94,Arsenio Riggs,(025) 6831 6525,Rafael.Guerrero,AMN61YQB7CT,3089
95,Olga Casey,(01140) 53825,Ginger.Atkins,FEI87KMA3FG,9141
96,Freya Pruitt,056 9996 4280,Talon.Rowe,IFW92ZVK4DT,7262
97,Shafira Cohen,0927 404 5832,Diana.Flowers,KQV20FAH8TA,9739
98,Lael Matthews,0864 198 6674,Kevyn.Anthony,AKG02HLY9MZ,3379
99,Zachery Clayton,0800 067191,Summer.Guerrero,ZSQ74DUH6EX,7132
100,Cassady Macdonald,(016977) 1878,Ginger.Price,DGU63HPY1FG,2922
101,Erica Hayden,(0118) 064 0749,Fiona.Gilmore,SFV10BVG9FC,9256
102,Kameko Combs,070 0419 1235,Plato.Sutton,DLX68SGU6ZC,3107
103,MacKensie Perry,0800 608 0259,Hasad.Gilbert,SDA28RKF5NY,7484
104,Wesley Holder,(0110) 375 9922,Rina.Cooley,WFN17LJU5DW,7191
105,Jaquelyn Hartman,07711 495777,Quentin.Gregory,HUA01GGA4FY,6805
106,Solomon Brooks,0800 502115,Willa.Wise,GMR51TLN7SN,6142
107,Mannix Olsen,056 0414 6194,Ava.Watts,HRT54IQI3SK,4295
108,Vaughan Long,0925 231 0650,Sheila.Odonnell,APN82YJL1BW,2805
109,Randall May,0853 475 9753,Nicholas.Kirby,FMN63YCY8RL,6644
110,Winifred Nielsen,0845 46 48,Kay.Whitehead,EBM35IYV4KQ,5936
111,Rafael Nixon,(029) 9563 5942,Conan.Chavez,BSN50FVZ5IT,9549
112,Reagan Fowler,(01625) 54031,Allistair.Serrano,MGK58YGW2GP,5483
113,Veda Mercer,(01599) 298736,Emmanuel.Hudson,LKV60VFE0GG,5077
114,Brooke Eaton,(019451) 86812,Martha.Bryant,FRS02JUN0FP,9107
115,Demetria Dean,0845 46 46,Ingrid.Buckley,HAB25WUY4HZ,8375
116,Jessica Freeman,0500 278220,Destiny.Watts,GAN01OTG4RB,2278
117,Oprah Porter,07624 415427,Camille.Little,DVG60PSP6ZX,3053
118,Ava Finch,0387 714 3108,Wade.Valdez,RBG81SOD0PK,6425
119,Miranda Branch,(016977) 6739,Ashely.Dickson,DNM44WOK9KL,7685
120,Flynn Holman,076 6282 9388,Claire.Malone,ARE91VAI3OX,9850
121,Mercedes Willis,07363 547804,Bree.Thompson,YYD76ALI7OM,8947
122,Roary Hooper,070 8286 9722,Elton.Crane,TKR04TDK1GK,3161
123,Brian Shelton,(016977) 1058,Unity.Randolph,BTM97ZIV5ZE,8493
124,Tanner Moses,0500 688105,Gwendolyn.Mills,FQO12PQT3TF,2707
125,Cleo Lancaster,(0171) 980 2474,Clare.Serrano,YHT57INP4UH,6964
126,Virginia Graves,(016977) 6883,Cadman.Booth,FVS47XVP6QF,1219
127,Wilma Vance,056 1634 0891,Fredericka.Rodriquez,FGH22UVS2DL,9458
128,Barbara Obrien,07624 942976,Hanae.Thomas,AIP20FEX8QE,4708
129,Simone Buchanan,0965 495 8493,Price.Vazquez,JYW74GMD3WG,7186
130,Harriet Norris,(024) 9169 5496,Bree.Massey,WFN88NFH7NT,4526
131,Ali Wilder,(01571) 07542,Nissim.Bishop,PIX08DOQ3DL,1427
132,Autumn Hoffman,0831 192 3113,Charissa.Browning,CIX39LTI0KY,7606
133,Xanthus Ortiz,(0116) 210 8598,Quyn.Patterson,DOG98CEU8GT,2430
134,Giselle Horn,0800 1111,Basil.Brooks,SEN81ARZ5HJ,2254
135,Darrel Terrell,0845 46 44,Hope.Lynch,ZLW91LHS8UQ,9849
136,Brett Combs,(01392) 168189,Kyle.Hansen,KPH03YVV7KS,2558
137,Cecilia Rutledge,0500 800871,Katelyn.Molina,AXE46VTE8NM,2190
138,Juliet Norman,(017080) 20421,Barclay.Ashley,VCL18FQF8FX,4497
139,Yuri Pruitt,(012477) 79421,Vivien.Lloyd,MCV64ROH6BW,8589
140,Ariel Burns,(0191) 856 9574,Calista.Anthony,GCI81OJK1BK,2162
141,Jasper Short,0800 1111,Duncan.Kent,IZY08OKP1EP,8995
142,Christine Mosley,(023) 7517 9967,Orson.Dalton,WER92WGK4FW,4095
143,Bernard Todd,0800 040335,Donovan.Montoya,PVL74ELP6EE,9199
144,Tanner Stephens,0800 1111,Ella.Walton,UWS26GYA2BT,3361
145,Kieran Hyde,0800 1111,Ciaran.Mack,PAC26VZV4NZ,8108
146,Ronan Frye,(0151) 981 1632,Mollie.Morton,QSW88YAZ7VE,4566
147,Garrison Potter,0500 269384,Tasha.Anderson,QEF46HCU2NU,2293
148,Emily Ortega,0800 1111,Minerva.Vega,LLY92INC0OA,8413
149,Alana Glenn,(0171) 200 7672,Eugenia.Jacobs,KFI09CDP2FA,6115
150,Amir Sanders,0389 990 2243,Alan.Pierce,KGH23DIW1NJ,5122
151,Stephen Ayers,0956 573 7661,Nissim.Delgado,TIJ28IVA5UY,5472
152,Hasad Wolf,0909 224 9500,Galvin.Barron,INC30MBE9YB,4154
153,Oren Norman,(0191) 864 0040,Gary.Franklin,AAM84TQJ5IT,5761
154,Garrison Patel,0800 290 4160,Wilma.Barton,FAY26QVG3QR,1910
155,Serena Patton,076 6015 0397,Geoffrey.Bender,VRW68MHQ6XB,6227
156,Hanna Payne,(01689) 047231,Hanna.Pierce,VMI10OPN2LS,3591
157,Kelly Avila,055 6545 6300,Jayme.Bates,QKD10NKU9TL,2598
158,Simon Colon,0903 458 8901,Sloane.Garza,HND06ZNL1HX,9696
159,Darius Ball,(01773) 042704,Justin.Castillo,EBW10ZSR2UK,1327
160,Sebastian Bowman,07822 887732,Laura.Savage,RKD99YTJ9TG,5166
161,Nadine Boone,0937 082 6437,Vivian.Harding,KGD04VZV8FV,6180
162,Brennan Kemp,0981 694 6644,Bo.Crawford,GIM42GZN9HK,1934
163,Gloria Mercado,0800 1111,Mariam.Lawrence,PLY92SHQ1WW,3757
164,Melyssa Kemp,0800 797150,Jael.Slater,JHT76KMA4QC,3891
165,Ebony Santiago,0308 649 8610,Maia.Burris,UOL83OHG1GR,4221
166,Jolie Mason,0800 1111,Whitney.Daugherty,USX68HVQ5AB,8836
167,Dalton Castillo,(0171) 897 6750,Kadeem.Gibson,QOH55SCG3DR,9627
168,Cade Morales,0800 165000,Ryder.Velasquez,YOW81HBR1MN,3360
169,Thaddeus Leach,(026) 6913 9717,Griffith.Hicks,QLN18ARN9UL,2068
170,Cathleen Molina,(016977) 4757,Tobias.Kirkland,HPN29STT7WH,6980
171,Ferdinand Robbins,07624 798747,Hayley.Erickson,RRG26EFV9EN,1658
172,Coby Finley,07624 111561,Chaney.Castillo,GNA97JQV3CX,4260
173,Wanda Smith,(01998) 945952,Lenore.Moses,XVB43KIC9RD,9564
174,Yeo Fuller,0800 897 4004,Wynne.Tanner,BLJ13SNS7QX,8660
175,Clio Massey,0845 46 45,Tamara.Rivas,LRW18LXG6GE,5037
176,Xaviera Barton,(0113) 124 0319,Jenette.Richard,III21SDP0SM,7737
177,Maggy Howe,0930 433 3631,Megan.Witt,CFX88KIF1AZ,2385
178,Cruz Barrera,076 6460 9566,Isabella.Abbott,PEG58UYJ1NF,4116
179,Jesse Wilkerson,(0117) 084 5346,Baxter.Bishop,TDR26SNC0ZT,6661
180,Whitney Lawson,0800 1111,Rachel.Nash,UDM04YBJ6CE,8920
181,Jonah Little,070 7064 6054,Aimee.Barrera,IPW82RIN3SH,1738
182,Tiger Farley,(020) 3352 8184,Avram.Romero,HKP52DON9YJ,6824
183,Jenette Harris,0954 674 7569,Oprah.Cruz,LFQ00PAX2KZ,1796
184,Buckminster Ward,(0151) 160 2747,Nora.House,FOA07IGY3VY,3302
185,Eugenia Colon,(0112) 369 1183,Laith.Slater,TES45MKP6GT,5499
186,Driscoll Crane,(0118) 151 4371,Nero.Houston,MGC84YFY8BQ,9242
187,April Bennett,0845 46 42,Benjamin.Payne,MKT66BMZ5SZ,9545
188,Isabella Reeves,(0113) 383 6200,Theodore.Craft,NWI90DXN1NK,6728
189,Irene Velasquez,(0101) 884 2581,Meghan.Mann,OWP72MFH9BM,7299
190,Nolan Page,0845 46 48,Isadora.Ballard,WNL49AGD7TT,3906
191,Clark Wong,(016977) 9170,Jaden.Edwards,MGZ01TYK6XJ,5992
192,Derek Sloan,07624 902053,Montana.Nixon,ZIO00GWY9ZK,6941
193,Adrienne Spears,(012414) 42044,Kiayada.Beach,LEM73ANF0GP,4246
194,Jorden Schultz,(016977) 6415,Thaddeus.Larson,JGX00IRB7VE,3213
195,Velma Decker,0800 570 7945,Ivy.Hunt,ISZ37TKP1JR,2763
196,Juliet Huffman,056 2925 2154,Heather.Frazier,CLI63UMY7XU,4065
197,Lacy Holcomb,07573 317572,Shannon.Gamble,POX27RJK3ED,2542
198,Prescott Frazier,056 7888 4522,Indigo.Mann,JSJ52AFH1QD,5661
199,Riley Anthony,(0116) 036 9973,Mallory.Zimmerman,FIA57KVV7WT,4024
200,Xaviera Bernard,(01294) 581435,Mikayla.Vaughan,ZUT92TEY2UN,1769